Localidade;Microrregiões Geográficas;Mesorregiões Geográficas;Porte;População 2015;População 2016;População 2017;População 2018;PIB 2015;PIB 2016;PIB 2017;PIB 2018;Desp. Saúde 2015;Desp. Saúde 2016;Desp. Saúde 2017;Desp. Saúde 2018;IEGM 2015;IEGM 2016;IEGM 2017;IEGM 2018;IDM 2014;IDM 2016;IDM 2018;IDM 2020
Abadia de Goiás;MRG GOIÂNIA;CENTRO GOIANO;pequeno porte I;7895;8053;8207;8583;21.748,15;20.664,57;28.507,00;26.506,00;4.916.545,60;5.364.214,65;5.557.117,17;5.963.972,83;B;B;B;B+;7,06;7,22;7,74;6,02
Abadiânia;MRG ENTORNO DE BRASÍLIA;LESTE GOIANO;pequeno porte I;18069;18427;18775;19614;15.994,41;15.628,40;16.157,00;16.133,00;6.793.578,18;7.438.066,12;8.568.409,09;10.094.604,89;B;B;B;B;6,83;5,83;6,60;6,04
Acreúna;MRG VALE DO RIO DOS BOIS;SUL GOIANO;pequeno porte II;21730;21905;22076;22182;23.910,27;28.048,90;30.454,00;30.271,00;11.182.040,97;11.147.338,46;11.831.658,2;13.255.598,07;C+;B;B+;B;6,94;7,47;6,84;7,01
Adelândia;MRG ANICUNS;CENTRO GOIANO;pequeno porte I;2557;2561;2564;2517;11.798,79;12.481,14;14.123,00;14.519,00;2.187.307,57;2.564.284,46;2.767.116,96;3.211.560,39;B+;B;A;A;7,68;6,62;7,49;7,77
Água Fria de Goiás;MRG ENTORNO DE BRASÍLIA;LESTE GOIANO;pequeno porte I;5507;5560;5613;5676;36.544,43;49.715,24;38.994,00;45.026,00;3.471.918,16;4.392.692,09;3.735.101,25;4.866.053,55;B;B;B;B;6,71;6,40;8,47;8,98
Água Limpa;MRG MEIA PONTE;SUL GOIANO;pequeno porte I;1993;1980;1967;1872;22.792,39;22.038,95;22.565,00;24.236,00;2.411.707,89;2.512.088,08;2.766.143,05;2.807.532,53;B;B;-;B+;8,26;6,95;7,93;8,03
Águas Lindas de Goiás;MRG ENTORNO DE BRASÍLIA;LESTE GOIANO;grande porte;187072;191499;195810;207070;8.250,14;8.510,85;9.108,00;9.100,00;41.816.052,63;44.914.723,82;47.171.017,51;53.776.320,22;B;B+;B+;B+;3,85;4,45;3,65;3,90
Alexânia;MRG ENTORNO DE BRASÍLIA;LESTE GOIANO;pequeno porte II;26135;26457;26770;27288;27.954,58;52.951,89;29.187,00;29.732,00;13.475.981,82;15.121.065,77;13.000.000;15.075.693,91;-;C+;B+;B+;5,76;6,64;7,22;7,09
Aloândia;MRG MEIA PONTE;SUL GOIANO;pequeno porte I;2079;2075;2071;2005;17.118,20;18.672,82;18.886,00;20.868,00;3.469.262,39;2.926.760,15;2.924.216,01;3.893.889,74;B+;B;A;B+;9,24;8,34;8,60;8,53
Alto Horizonte;MRG PORANGATU;NORTE GOIANO;pequeno porte I;5470;5629;5784;6218;93.109,00;69.673,86;119.626,00;146.833,00;10.215.838,25;10.023.609,63;10.102.197,23;14.916.918,32;-;B;B+;B+;6,80;7,24;7,07;7,42
Alto Paraíso de Goiás;MRG CHAPADA DOS VEADEIROS;NORTE GOIANO;pequeno porte I;7391;7454;7514;7558;18.751,91;21.484,13;22.025,00;22.173,00;4.747.330,27;5.095.572,55;3.273.319,35;5.239.295,97;-;-;B+;-;7,37;7,39;7,87;7,27
Alvorada do Norte;MRG VÃO DO PARANÃ;LESTE GOIANO;pequeno porte I;8549;8598;8645;8614;12.725,14;13.101,98;13.769,00;14.930,00;6.019.509,43;6.646.916,29;7.012.794,98;7.795.026,73;B;A;B+;A;8,50;7,46;8,21;8,54
Amaralina;MRG PORANGATU;NORTE GOIANO;pequeno porte I;3691;3723;3754;3778;12.974,27;13.710,48;15.707,00;15.906,00;2.532.175,28;3.183.008,13;2.796.925,91;2.973.464,88;A;B;B+;B+;5,41;7,91;7,33;7,28
Americano do Brasil;MRG ANICUNS;CENTRO GOIANO;pequeno porte I;5918;5969;6018;6057;12.411,30;13.707,17;10.620,00;11.153,00;3.563.442,86;4.510.149,99;3.827.344,39;4.484.945,77;B;B+;A;B+;7,88;7,92;8,33;8,06
Amorinópolis;MRG IPORÁ;CENTRO GOIANO;pequeno porte I;3487;3447;3408;3185;14.831,02;15.863,76;17.196,00;19.074,00;3.065.335,78;3.482.862,61;3.943.457,48;4.348.392,59;-;B;C+;C+;8,78;8,44;9,00;8,80
Anápolis;MRG ANÁPOLIS;CENTRO GOIANO;grande porte;366491;370875;375142;381970;36.293,81;35.372,45;37.864,00;37.277,00;245.430.551,54;275.916.502,31;289.433.548,23;283.360.946,94;B+;B;B+;B;6,99;7,02;6,29;6,17
Anhanguera;MRG CATALÃO;SUL GOIANO;pequeno porte I;1104;1115;1126;1137;14.408,17;14.291,76;15.278,00;15.726,00;1.620.164,86;2.995.336,11;2.022.287,94;2.024.901,73;C+;C;B;B+;7,27;6,29;7,90;8,08
Anicuns;MRG ANICUNS;CENTRO GOIANO;pequeno porte I;21478;21614;21746;21717;16.937,59;18.907,07;17.725,00;17.821,00;10.286.991,01;10.406.027,77;10.237.758,27;11.733.201,68;-;-;B+;B+;6,79;5,87;6,61;7,49
Aparecida de Goiânia;MRG GOIÂNIA;CENTRO GOIANO;grande porte;521910;532135;542090;565957;22.081,12;22.514,94;23.765,00;23.440,00;270.635.049,97;325.540.013,44;307.228.103,33;349.054.834,32;B+;B+;B+;B+;5,62;5,90;5,77;5,54
Aparecida do Rio Doce;MRG SUDOESTE DE GOIÁS;SUL GOIANO;pequeno porte I;2510;2514;2517;2474;27.691,13;29.396,37;34.970,00;30.113,00;2.882.851,81;3.235.520,67;3.882.355,95;4.144.152,29;-;B;A;B+;6,42;7,35;7,62;7,62
Aporé;MRG SUDOESTE DE GOIÁS;SUL GOIANO;pequeno porte I;4077;4110;4143;4163;57.440,98;73.609,20;74.997,00;76.880,00;4.937.635,94;5.413.968,56;4.865.312,3;6.818.042,33;B;C+;B+;B+;8,42;8,61;7,70;8,02
Araçu;MRG ANÁPOLIS;CENTRO GOIANO;pequeno porte I;3776;3753;3731;3560;12.532,88;13.826,10;13.280,00;15.008,00;3.321.971,23;4.294.940,46;4.039.187,02;4.686.885,91;B;B+;B+;B;8,22;8,28;8,01;7,12
Aragarças;MRG ARAGARÇAS;NOROESTE GOIANO;pequeno porte I;19583;19736;19884;19959;10.880,91;10.897,66;11.916,00;12.267,00;9.905.785,89;11.717.736,79;10.231.282,67;11.882.715,33;B+;C;B;B;7,45;7,80;7,70;8,16
Aragoiânia;MRG GOIÂNIA;CENTRO GOIANO;pequeno porte I;9444;9607;9765;10116;10.455,05;10.318,54;10.799,00;10.709,00;4.701.549,05;5.519.311,61;5.044.957,29;6.665.873,75;-;B;B;B;7,50;7,44;8,07;7,36
Araguapaz;MRG RIO VERMELHO;NOROESTE GOIANO;pequeno porte I;7818;7841;7862;7756;14.825,66;14.622,77;15.169,00;15.546,00;5.773.630,78;5.712.257,38;4.935.118,51;6.333.347,36;A;A;B+;A;7,46;7,51;7,87;7,17
Arenópolis;MRG ARAGARÇAS;NOROESTE GOIANO;pequeno porte I;3066;3011;2957;2689;30.832,57;30.767,47;42.371,00;52.960,00;3.047.822,64;3.997.020,35;3.961.317,13;3.783.562,27;-;C+;C+;-;9,00;9,28;8,72;8,64
Aruanã;MRG RIO VERMELHO;NOROESTE GOIANO;pequeno porte I;8746;8945;9138;9635;18.310,36;18.184,90;22.869,00;22.991,00;6.604.164,52;6.837.352,00;5.903.574,4;6.766.534,05;B+;B+;A;A;7,94;7,39;6,80;6,65
Aurilândia;MRG ANICUNS;CENTRO GOIANO;pequeno porte I;3508;3465;3422;3184;15.613,58;16.113,79;16.805,00;17.869,00;2.530.985,07;3.475.972,28;3.782.274,68;3.457.793,37;B+;B+;A;-;6,73;7,41;7,42;6,80
Avelinópolis;MRG ANICUNS;CENTRO GOIANO;pequeno porte I;2499;2496;2494;2425;19.142,59;18.425,35;18.905,00;18.325,00;2.694.143,01;3.575.100,84;2.684.767,49;2.810.434,52;A;B;B+;B+;8,76;9,18;8,70;8,79
Baliza;MRG ARAGARÇAS;NOROESTE GOIANO;pequeno porte I;4443;4562;4677;4992;14.676,98;15.828,43;14.978,00;15.566,00;3.382.894,68;3.055.068,80;3.456.887,73;3.949.046,42;B;B;B+;B;5,59;5,37;5,55;7,11
Barro Alto;MRG CERES;CENTRO GOIANO;pequeno porte I;10031;10235;10435;10922;60.320,14;77.671,72;78.477,00;84.166,00;9.299.172,14;8.761.570,03;9.851.116,36;11.312.897,48;B+;B;B+;B;7,92;7,76;7,84;7,24
Bela Vista de Goiás;MRG GOIÂNIA;CENTRO GOIANO;pequeno porte II;27628;28077;28514;29448;30.235,47;28.950,93;33.476,00;32.976,00;17.842.321,00;21.040.761,26;19.150.134,97;21.810.073,52;B+;B;B+;B+;8,26;7,46;7,93;7,09
Bom Jardim de Goiás;MRG ARAGARÇAS;NOROESTE GOIANO;pequeno porte I;8826;8862;8896;8813;15.517,66;16.231,26;17.324,00;19.075,00;4.523.249,97;4.655.155,02;4.695.781,97;5.091.756,82;B+;B+;A;B+;7,65;8,41;7,67;8,07
Bom Jesus de Goiás;MRG MEIA PONTE;SUL GOIANO;pequeno porte II;23257;23632;23998;24776;26.521,22;32.368,53;33.369,00;30.150,00;12.697.727,38;14.327.278,99;14.551.872,43;12.053.071,8;B;B;B;B;6,66;6,84;7,32;7,73
Bonfinópolis;MRG GOIÂNIA;CENTRO GOIANO;pequeno porte I;8694;8876;9052;9488;8.079,09;8.096,93;9.737,00;9.178,00;3.176.838,48;3.515.691,94;4.364.404,56;5.388.128,03;C+;B;A;A;8,22;7,18;7,34;6,98
Bonópolis;MRG PORANGATU;NORTE GOIANO;pequeno porte I;3994;4069;4143;4316;21.858,72;22.457,55;23.199,00;22.149,00;2.736.147,78;3.646.670,61;3.154.652,65;3.213.392,02;B+;B+;A;B+;6,99;7,59;7,83;7,29
Brazabrantes;MRG ANÁPOLIS;CENTRO GOIANO;pequeno porte I;3526;3565;3604;3659;25.685,73;31.857,99;28.976,00;29.765,00;3.387.340,01;3.800.593,42;3.251.252,16;4.097.980,46;A;B+;A;A;7,90;7,35;8,08;6,65
Britânia;MRG RIO VERMELHO;NOROESTE GOIANO;pequeno porte I;5772;5795;5817;5761;17.300,70;17.975,85;18.979,00;19.624,00;4.386.031,37;5.120.148,98;5.651.805,52;5.741.398,01;B;B+;-;A;8,30;8,20;8,50;7,00
Buriti Alegre;MRG MEIA PONTE;SUL GOIANO;pequeno porte I;9467;9501;9535;9433;31.048,28;31.622,05;33.479,00;32.991,00;5.016.886,48;5.421.772,93;5.074.200,78;6.325.487,87;B+;B+;B+;B;6,30;7,37;8,40;7,91
Buriti de Goiás;MRG ANICUNS;CENTRO GOIANO;pequeno porte I;2595;2589;2583;2501;13.249,01;14.273,85;14.851,00;15.223,00;3.174.375,29;3.801.098,12;3.925.398,42;4.274.836,5;-;A;B+;B;8,98;8,76;9,23;8,68
Buritinópolis;MRG VÃO DO PARANÃ;LESTE GOIANO;pequeno porte I;3394;3391;3389;3302;16.148,63;24.767,22;23.523,00;22.850,00;2.673.971,33;3.028.098,91;3.273.319,35;3.238.924,41;B+;C+;B;-;6,13;6,32;7,97;7,98
Cabeceiras;MRG ENTORNO DE BRASÍLIA;LESTE GOIANO;pequeno porte I;7829;7882;7935;7939;28.403,96;34.393,25;26.472,00;27.594,00;5.058.093,12;5.057.789,85;5.015.838,49;4.926.537,7;-;B+;A;A;7,30;8,23;7,67;8,10
Cachoeira Alta;MRG QUIRINÓPOLIS;SUL GOIANO;pequeno porte I;11683;11844;12002;12297;22.174,02;21.782,23;20.103,00;19.219,00;7.067.236,10;6.927.687,52;8.451.484,72;10.469.635,11;-;-;B+;B+;7,29;8,01;9,07;8,58
Cachoeira de Goiás;MRG IPORÁ;CENTRO GOIANO;pequeno porte I;1425;1419;1414;1361;18.155,71;17.600,30;17.946,00;20.102,00;2.104.430,05;2.405.863,78;2.113.511,81;2.876.426,6;-;B+;A;B+;7,34;6,96;7,04;7,71
Cachoeira Dourada;MRG MEIA PONTE;SUL GOIANO;pequeno porte I;8384;8369;8355;8102;89.678,97;114.807,73;107.839,00;110.272,00;8.016.945,93;8.815.764,38;8.469.095;9.379.105,93;B;B;B;B;8,67;8,75;7,63;8,68
Caçu;MRG QUIRINÓPOLIS;SUL GOIANO;pequeno porte I;14837;15065;15287;15743;38.270,86;53.694,65;55.199,00;57.727,00;11.516.694,21;13.613.559,52;15.676.177,44;18.867.327,97;B;-;B+;B+;7,11;8,41;8,32;8,33
Caiapônia;MRG SUDOESTE DE GOIÁS;SUL GOIANO;pequeno porte I;18148;18329;18505;18715;26.880,78;34.636,37;33.657,00;35.927,00;13.600.349,96;13.782.593,45;12.444.247,77;13.707.916,48;C+;B+;A;A;6,21;6,16;8,11;7,27
Caldas Novas;MRG MEIA PONTE;SUL GOIANO;médio porte;81477;83220;84900;89087;27.215,80;26.695,20;27.523,00;28.676,00;45.395.212,72;50.971.837,43;47.850.818,46;54.860.218,82;B+;B;A;B+;6,16;6,11;6,31;6,27
Caldazinha;MRG GOIÂNIA;CENTRO GOIANO;pequeno porte I;3624;3664;3703;3759;12.069,79;12.144,12;12.820,00;13.478,00;2.063.204,71;2.265.533,67;2.321.915,55;2.503.991,91;A;-;B+;A;7,64;8,12;7,64;7,45
Campestre de Goiás;MRG VALE DO RIO DOS BOIS;SUL GOIANO;pequeno porte I;3581;3602;3622;3610;14.056,95;13.525,88;14.864,00;16.035,00;2.047.822,64;2.331.903,31;2.346.914,03;3.120.846,74;-;-;B+;B+;5,99;7,56;7,71;8,32
Campinaçu;MRG PORANGATU;NORTE GOIANO;pequeno porte I;3743;3741;3740;3649;14.977,53;13.341,50;13.880,00;16.909,00;3.657.779,94;4.101.833,15;4.352.584,41;4.800.347,96;B+;B+;B+;B+;7,91;8,11;7,83;9,73
Campinorte;MRG PORANGATU;NORTE GOIANO;pequeno porte I;12071;12198;12321;12486;16.879,36;15.917,97;18.044,00;18.132,00;4.902.058,69;6.865.458,21;6.535.409,46;6.968.109,33;B;B;B+;B;7,19;7,31;7,63;7,93
Campo Alegre de Goiás;MRG CATALÃO;SUL GOIANO;pequeno porte I;6896;7024;7149;7437;45.049,87;55.960,20;52.685,00;55.469,00;5.888.851,16;7.691.953,50;6.216.302,56;7.316.729,27;B;B+;B+;B+;8,38;8,43;8,23;8,70
Campo Limpo de Goiás;MRG ANÁPOLIS;CENTRO GOIANO;pequeno porte I;7090;7219;7345;7636;11.855,39;11.314,24;12.673,00;13.283,00;3.087.083,72;3.601.196,62;3.485.387,81;5.216.301,7;-;-;B+;B;6,06;6,11;5,82;6,12
Campos Belos;MRG CHAPADA DOS VEADEIROS;NORTE GOIANO;pequeno porte I;19540;19665;19786;19764;12.615,95;12.562,82;13.221,00;13.598,00;10.564.254,52;13.124.130,24;14.718.544,6;15.381.962,91;-;B;B+;B;7,21;7,09;7,26;7,51
Campos Verdes;MRG PORANGATU;NORTE GOIANO;pequeno porte I;3870;3631;3399;2459;10.560,47;11.984,88;13.031,00;18.196,00;4.003.121,01;4.179.445,60;5.162.311,29;4.957.058,56;B+;C;B+;B+;7,55;7,76;7,93;6,63
Carmo do Rio Verde;MRG CERES;CENTRO GOIANO;pequeno porte I;9671;9767;9862;9976;19.032,45;25.795,29;22.915,00;25.025,00;4.770.158,00;6.485.895,11;4.823.406,92;5.228.012,69;-;A;A;B;7,36;7,67;7,98;7,20
Castelândia;MRG SUDOESTE DE GOIÁS;SUL GOIANO;pequeno porte I;3642;3626;3610;3464;18.425,54;23.482,92;26.897,00;29.264,00;3.067.614,35;2.680.748,59;3.177.673,78;3.694.938,34;B;C+;B+;B;7,06;8,11;8,95;9,09
Catalão;MRG CATALÃO;SUL GOIANO;grande porte;98737;100590;102393;106618;57.498,67;58.559,74;60.854,00;57.291,00;71.938.815,42;78.778.710,38;75.584.726,8;61.306.557,1;B;-;B+;B+;6,14;6,37;6,75;6,77
Caturaí;MRG ANÁPOLIS;CENTRO GOIANO;pequeno porte I;4977;5010;5041;5038;12.461,48;14.316,01;12.672,00;13.553,00;3.082.693,00;4.069.141,17;4.298.235;4.732.072,79;B+;-;A;B+;7,90;8,49;9,22;8,95
Cavalcante;MRG CHAPADA DOS VEADEIROS;NORTE GOIANO;pequeno porte I;9775;9803;9829;9693;25.575,13;25.303,89;24.807,00;26.122,00;6.613.281,02;8.854.190,29;6.712.385,93;7.884.701,42;B+;B;B;B;6,30;7,07;7,65;7,15
Ceres;MRG CERES;CENTRO GOIANO;pequeno porte II;21909;22034;22155;22074;21.729,53;22.670,01;23.981,00;24.894,00;37.279.900,93;40.538.968,34;39.173.553;39.609.388,7;B+;B+;B+;B+;9,05;9,02;8,86;8,23
Cezarina;MRG VALE DO RIO DOS BOIS;SUL GOIANO;pequeno porte I;8210;8299;8386;8507;32.444,81;32.385,23;30.743,00;33.748,00;5.420.101,13;5.789.677,15;5.966.687,6;5.313.786,8;B+;B+;B+;A;7,95;6,70;8,37;7,79
Chapadão do Céu;MRG SUDOESTE DE GOIÁS;SUL GOIANO;pequeno porte I;8589;8853;9110;9842;92.747,17;121.054,33;109.246,00;112.384,00;10.456.838,58;13.710.767,16;14.870.957,15;16.789.160,67;B;B;B+;B;8,72;8,15;9,20;8,72
Cidade Ocidental;MRG ENTORNO DE BRASÍLIA;LESTE GOIANO;médio porte;64229;65520;66777;69829;9.974,17;10.694,22;11.118,00;11.394,00;19.446.374,72;19.431.047,28;20.585.700,5;25.413.743,32;C;-;B+;B+;5,52;6,15;6,77;6,73
Cocalzinho de Goiás;MRG ENTORNO DE BRASÍLIA;LESTE GOIANO;pequeno porte II;19115;19352;19583;19971;14.955,49;14.789,79;15.380,00;16.327,00;10.022.701,14;11.374.991,32;12.871.118,2;10.692.123,29;-;-;B;B;7,03;7,29;7,41;7,23
Colinas do Sul;MRG CHAPADA DOS VEADEIROS;NORTE GOIANO;pequeno porte I;3551;3540;3529;3404;12.040,90;11.540,49;13.158,00;13.309,00;5.397.712,38;4.692.655,20;4.727.881,61;5.113.557,19;B+;C+;B;B;7,89;8,00;8,54;7,54
Córrego do Ouro;MRG IPORÁ;CENTRO GOIANO;pequeno porte I;2564;2539;2514;2364;17.818,60;17.697,49;18.238,00;19.360,00;2.590.976,52;3.203.004,43;3.455.225,17;4.119.371,74;B+;B;A;A;8,03;7,50;9,16;9,81
Corumbá de Goiás;MRG ENTORNO DE BRASÍLIA;LESTE GOIANO;pequeno porte I;10961;11024;11086;11050;13.231,23;12.933,88;14.239,00;15.791,00;5.165.528,57;7.253.568,87;9.017.260,6;7.268.478,33;-;B;B+;-;7,06;7,27;8,36;7,06
Corumbaíba;MRG CATALÃO;SUL GOIANO;pequeno porte I;9077;9206;9332;9574;50.746,29;48.718,78;62.960,00;61.515,00;6.746.254,20;7.348.210,71;7.456.218,26;9.817.768,32;A;B+;B;B+;8,75;8,29;8,40;8,71
Cristalina;MRG ENTORNO DE BRASÍLIA;LESTE GOIANO;médio porte;53300;54337;55347;57759;36.434,14;42.330,24;41.443,00;40.301,00;34.271.873,90;38.309.475,78;33.603.036,06;40.569.782,5;B;B+;B+;B+;6,18;6,76;6,72;7,01
Cristianópolis;MRG PIRES DO RIO;SUL GOIANO;pequeno porte I;3023;3026;3029;2968;21.289,61;22.427,18;23.799,00;24.729,00;2.684.017,78;3.255.732,07;3.124.961,99;3.239.545,18;-;-;B;B;8,52;8,71;8,32;7,86
Crixás;MRG SÃO MIGUEL DO ARAGUAIA;NOROESTE GOIANO;pequeno porte I;16695;16795;16893;16852;24.074,35;23.428,26;26.456,00;30.962,00;11.401.069,88;13.920.720,59;12.354.879,76;12.967.423,04;B;-;B;B+;7,98;8,36;8,68;8,34
Cromínia;MRG MEIA PONTE;SUL GOIANO;pequeno porte I;3616;3611;3606;3500;16.247,84;17.814,81;19.261,00;20.076,00;3.487.616,54;4.099.675,62;4.000.197,36;4.471.862,77;B;B;B+;-;8,00;7,59;9,15;9,29
Cumari;MRG CATALÃO;SUL GOIANO;pequeno porte I;2992;2983;2975;2871;20.779,77;20.105,80;20.133,00;21.094,00;2.516.531,37;2.808.090,97;3.510.763,37;4.162.129,06;C;B;A;B+;7,69;7,72;8,52;8,51
Damianópolis;MRG VÃO DO PARANÃ;LESTE GOIANO;pequeno porte I;3385;3387;3389;3315;8.252,89;9.047,60;9.414,00;10.181,00;2.805.642,22;3.003.981,40;3.273.319,35;3.684.868,84;-;-;A;-;8,27;8,14;9,02;8,82
Damolândia;MRG ANÁPOLIS;CENTRO GOIANO;pequeno porte I;2903;2919;2935;2923;12.451,26;12.583,33;13.325,00;13.597,00;2.663.035,02;4.246.815,40;2.695.932,5;3.486.454,37;B+;C;B+;B+;7,82;8,88;9,64;8,90
Davinópolis;MRG CATALÃO;SUL GOIANO;pequeno porte I;2126;2130;2133;2094;102.991,26;148.316,37;179.612,00;185.551,00;3.127.585,55;3.167.465,91;3.594.493,02;3.486.519,08;-;-;B;B+;7,12;8,40;8,00;7,79
Diorama;MRG ARAGARÇAS;NOROESTE GOIANO;pequeno porte I;2545;2546;2547;2488;16.984,07;19.679,01;19.636,00;22.147,00;2.529.817,58;4.671.485,08;4.395.642,29;3.570.745,21;B+;B;B+;B+;9,34;9,75;9,38;9,76
Divinópolis de Goiás;MRG VÃO DO PARANÃ;LESTE GOIANO;pequeno porte I;5020;5007;4995;4830;11.524,61;11.745,90;12.108,00;16.911,00;4.090.490,19;3.748.299,85;4.304.208,99;4.473.438,44;B+;B+;B+;B;6,91;8,20;8,87;8,49
Doverlândia;MRG SUDOESTE DE GOIÁS;SUL GOIANO;pequeno porte I;7842;7795;7750;7398;24.339,84;26.788,69;26.697,00;49.081,00;6.044.183,01;7.926.073,78;5.897.994,1;6.682.212,47;A;B;B;B;7,64;8,27;8,71;9,11
Edealina;MRG VALE DO RIO DOS BOIS;SUL GOIANO;pequeno porte I;3814;3811;3809;3710;50.144,57;63.109,02;70.265,00;34.118,00;4.406.937,35;4.449.566,05;4.701.395,37;4.591.782,87;B+;B+;B+;A;9,37;8,66;8,93;8,70
Edéia;MRG VALE DO RIO DOS BOIS;SUL GOIANO;pequeno porte I;12047;12140;12231;12276;43.531,12;58.818,79;59.116,00;225.444,00;7.928.210,79;9.257.973,42;11.005.753,78;12.080.530,21;B+;A;B+;B+;7,56;8,74;8,53;8,03
Estrela do Norte;MRG PORANGATU;NORTE GOIANO;pequeno porte I;3386;3382;3379;3286;13.325,70;13.092,37;14.590,00;4.250,00;3.248.632,05;3.759.479,14;3.383.795,98;3.247.342,63;B;B+;B;B+;6,44;8,45;8,46;8,54
Faina;MRG RIO VERMELHO;NOROESTE GOIANO;pequeno porte I;7004;6975;6947;6678;15.188,20;15.673,49;15.595,00;32.757,00;4.324.784,55;5.361.212,33;5.510.808,36;5.459.991,85;B+;B+;A;B;7,89;8,35;8,44;7,81
Fazenda Nova;MRG IPORÁ;CENTRO GOIANO;pequeno porte I;6181;6125;6070;5722;15.020,76;16.436,75;16.164,00;15.218,00;3.304.152,03;3.972.106,86;3.740.874,6;4.291.854,99;-;C+;A;B+;8,06;7,79;8,14;8,28
Firminópolis;MRG ANICUNS;CENTRO GOIANO;pequeno porte I;12640;12783;12923;13131;11.464,65;12.227,44;12.889,00;30.679,00;6.575.906,89;6.558.230,87;6.947.955,76;6.860.443,81;-;A;A;A;7,70;8,11;7,81;7,84
Flores de Goiás;MRG VÃO DO PARANÃ;LESTE GOIANO;pequeno porte I;14372;14747;15111;16100;9.122,79;9.487,18;9.092,00;10.931,00;5.144.955,17;5.579.143,56;5.757.099,95;6.784.359,57;-;B;-;C+;5,83;6,49;7,09;6,66
Formosa;MRG ENTORNO DE BRASÍLIA;LESTE GOIANO;grande porte;112236;114036;115789;119506;17.239,25;18.456,69;19.919,00;144.936,00;49.072.177,51;56.911.887,52;58.382.880,47;54.819.657,32;-;B;B;B+;6,21;6,67;6,38;6,08
Formoso;MRG PORANGATU;NORTE GOIANO;pequeno porte I;4726;4674;4623;4325;12.293,63;12.971,17;14.083,00;550,00;3.744.220,61;4.761.713,26;3.921.812,25;5.040.671,5;-;B+;B+;B+;7,64;7,59;8,98;8,35
Gameleira de Goiás;MRG PIRES DO RIO;SUL GOIANO;pequeno porte I;3664;3721;3777;3753;27.581,02;34.753,16;36.419,00;35.453,00;2.648.606,08;4.329.419,56;3.462.590,11;5.391.200,03;A;B+;C+;B+;6,47;7,09;7,30;6,57
Goianápolis;MRG GOIÂNIA;CENTRO GOIANO;pequeno porte I;11024;11460;11471;11239;13.820,79;14.700,31;15.799,00;18.677,00;6.373.704,99;7.296.988,06;6.888.254,15;6.704.990,58;B;B+;B;B+;8,36;7,39;8,18;7,74
Goiandira;MRG CATALÃO;SUL GOIANO;pequeno porte I;5549;5578;5605;5574;17.727,65;20.122,06;20.866,00;23.327,00;4.048.107,11;4.459.302,03;3.761.084,15;4.024.213,4;-;B+;A;A;8,30;7,95;9,40;9,33
Goianésia;MRG CERES;CENTRO GOIANO;médio porte;65767;66649;67507;69072;16.703,00;18.620,35;19.656,00;20.109,00;36.303.476,87;40.757.295,91;49.916.777,8;43.515.858,24;-;-;B+;B+;7,60;8,00;8,01;8,27
Goiânia;MRG GOIÂNIA;CENTRO GOIANO;metrópole;1430697;1448639;1466105;1495705;32.593,34;32.209,01;33.438,00;33.004,00;1.157.674.116,10;1.279.721.584,81;1.298.837.521,81;1.170.289.208,13;B;B+;B;B+;6,90;6,71;6,44;6,00
Goianira;MRG GOIÂNIA;CENTRO GOIANO;médio porte;39484;40338;41169;43260;17.258,08;19.640,77;21.717,00;21.705,00;16.236.467,96;18.505.014,26;18.169.067,26;20.379.906,5;A;B+;B+;B+;7,13;7,45;7,73;7,86
Goiás;MRG RIO VERMELHO;NOROESTE GOIANO;pequeno porte II;24439;24269;24103;22916;16.001,94;16.933,45;18.839,00;20.137,00;22.580.713,49;25.442.527,41;26.642.787,37;22.509.923,6;B+;-;B+;B+;8,90;8,45;8,13;8,30
Goiatuba;MRG MEIA PONTE;SUL GOIANO;pequeno porte II;34043;34179;34312;33986;39.329,55;43.031,23;44.855,00;45.435,00;19.766.424,08;23.531.822,86;23.081.390,59;27.057.834,64;-;B;B+;B;7,83;7,69;8,70;8,84
Gouvelândia;MRG QUIRINÓPOLIS;SUL GOIANO;pequeno porte I;5499;5578;5656;5806;33.548,36;33.660,44;32.955,00;30.892,00;3.884.147,55;4.149.664,11;3.745.301,3;4.905.360,79;C+;B+;B+;B+;6,29;6,62;6,17;7,03
Guapó;MRG GOIÂNIA;CENTRO GOIANO;pequeno porte I;14441;14462;14482;14211;11.986,27;11.896,65;13.662,00;14.366,00;7.438.346,31;9.470.360,31;7.464.997,73;8.237.541,43;B+;C;B+;B;6,52;7,08;7,27;6,98
Guaraíta;MRG CERES;CENTRO GOIANO;pequeno porte I;2268;2237;2206;2041;12.795,19;13.576,25;14.605,00;16.237,00;1.961.522,57;2.253.327,35;2.454.176,66;3.143.132,28;-;-;-;-;5,78;7,62;7,67;8,20
Guarani de Goiás;MRG VÃO DO PARANÃ;LESTE GOIANO;pequeno porte I;4204;4174;4145;3940;10.626,74;10.616,44;12.531,00;13.511,00;3.183.567,39;3.490.798,43;3.729.883,88;3.773.359,17;B+;B;B+;B+;6,22;7,04;7,53;6,52
Guarinos;MRG CERES;CENTRO GOIANO;pequeno porte I;2134;2093;2052;1852;15.878,59;21.831,78;26.420,00;31.723,00;2.360.323,63;2.924.060,36;2.594.431,38;2.994.007,95;-;-;B+;B+;6,08;7,16;7,51;7,42
Heitoraí;MRG ANÁPOLIS;CENTRO GOIANO;pequeno porte I;3731;3744;3757;3714;11.183,25;12.140,45;13.736,00;15.197,00;2.795.105,38;3.659.430,82;4.647.241,19;2.298.800,85;-;B+;-;B+;8,16;8,34;9,03;9,42
Hidrolândia;MRG GOIÂNIA;CENTRO GOIANO;pequeno porte II;19761;20121;20472;21278;30.135,38;36.399,81;54.741,00;53.847,00;12.362.720,14;14.611.405,44;14.434.328,48;14.638.183,99;A;A;A;C+;7,37;7,57;7,67;7,84
Hidrolina;MRG CERES;CENTRO GOIANO;pequeno porte I;3927;3889;3852;3622;13.613,18;14.155,50;15.295,00;15.437,00;4.434.685,96;4.158.384,20;3.643.632,44;3.535.358,68;A;B+;A;B+;6,48;8,61;8,64;8,30
Iaciara;MRG VÃO DO PARANÃ;LESTE GOIANO;pequeno porte I;13423;13551;13675;13808;10.095,83;10.710,49;11.613,00;11.694,00;5.791.476,89;6.458.718,86;6.076.105,55;6.958.986,5;B;-;C+;B;5,80;6,98;6,17;6,52
Inaciolândia;MRG MEIA PONTE;SUL GOIANO;pequeno porte I;6066;6107;6148;6152;29.597,58;34.726,83;37.173,00;34.104,00;3.730.435,53;3.596.320,50;4.824.790,78;5.335.585,31;B;C;B;B;8,13;7,57;8,78;8,73
Indiara;MRG VALE DO RIO DOS BOIS;SUL GOIANO;pequeno porte I;14895;15056;15213;15431;20.637,62;21.966,96;20.876,00;20.639,00;8.708.212,12;8.380.847,84;8.565.663,83;10.047.770,83;-;B+;B+;B+;7,21;6,38;7,32;7,40
Inhumas;MRG ANÁPOLIS;CENTRO GOIANO;médio porte;51543;51932;52311;52465;17.855,03;18.933,26;21.386,00;21.657,00;26.871.517,96;27.739.416,48;25.084.117,03;31.616.998,91;A;B+;B+;A;7,94;7,54;7,86;8,24
Ipameri;MRG CATALÃO;SUL GOIANO;pequeno porte II;26373;26563;26747;26792;33.164,46;44.237,45;50.745,00;55.481,00;14.367.114,14;17.859.940,75;19.159.355,25;19.332.295,33;-;-;A;B+;8,53;8,58;8,97;8,41
Ipiranga de Goiás;MRG CERES;CENTRO GOIANO;pequeno porte I;2940;2944;2948;2893;13.707,85;18.284,61;17.015,00;18.460,00;2.215.818,49;2.757.033,45;2.320.118,34;2.534.678,7;B+;B;A;A;3,73;5,61;8,24;7,69
Iporá;MRG IPORÁ;CENTRO GOIANO;pequeno porte II;32194;32218;32242;31563;17.465,73;18.040,93;20.376,00;20.854,00;21.584.577,88;26.241.294,35;22.193.653,12;22.535.059,89;B+;A;B+;B+;7,82;7,37;8,43;7,40
Israelândia;MRG IPORÁ;CENTRO GOIANO;pequeno porte I;2923;2916;2910;2815;15.397,71;15.650,05;16.591,00;17.254,00;2.622.835,61;2.750.035,27;2.741.826,24;3.011.805,26;B+;A;B+;B+;7,66;7,85;9,07;7,90
Itaberaí;MRG ANÁPOLIS;CENTRO GOIANO;pequeno porte II;39629;40259;40872;42163;25.706,02;26.430,06;30.922,00;30.571,00;20.275.784,78;23.875.944,70;20.857.006,07;20.663.508,66;A;B+;B+;B+;6,83;7,44;7,34;6,40
Itaguari;MRG ANÁPOLIS;CENTRO GOIANO;pequeno porte I;4703;4717;4730;4668;11.946,04;12.565,32;13.874,00;15.084,00;3.318.278,20;3.661.965,98;3.872.034,45;4.067.683,01;A;-;-;A;6,72;7,13;7,31;7,15
Itaguaru;MRG ANÁPOLIS;CENTRO GOIANO;pequeno porte I;5488;5472;5456;5269;11.784,22;12.432,75;13.544,00;14.624,00;3.395.382,17;3.735.159,05;3.914.261,24;4.234.094,77;B;B+;A;B+;7,61;8,41;9,00;9,50
Itajá;MRG QUIRINÓPOLIS;SUL GOIANO;pequeno porte I;4961;4918;4876;4605;19.571,00;20.693,37;21.392,00;21.534,00;3.728.770,35;4.502.112,46;5.044.043,06;5.805.403,44;C+;C+;B+;B;7,28;6,63;8,03;9,54
Itapaci;MRG CERES;CENTRO GOIANO;pequeno porte II;20945;21323;21691;22533;14.546,51;15.213,50;15.270,00;15.211,00;7.988.120,83;9.087.745,64;11.318.307,78;12.634.058,29;-;C+;B+;B+;7,92;7,34;8,05;7,79
Itapirapuã;MRG RIO VERMELHO;NOROESTE GOIANO;pequeno porte I;6776;6541;6312;5316;19.941,75;21.765,10;23.898,00;26.910,00;4.924.984,95;5.027.433,20;5.541.822,73;6.559.152,68;A;B+;B;B+;7,59;8,07;9,10;7,85
Itapuranga;MRG CERES;CENTRO GOIANO;pequeno porte II;26639;26612;26586;25856;13.783,33;14.523,96;15.420,00;16.339,00;12.701.697,64;14.751.497,16;15.141.424,01;16.769.120,92;B+;-;B+;-;8,13;8,84;8,69;9,15
Itarumã;MRG QUIRINÓPOLIS;SUL GOIANO;pequeno porte I;6853;6927;6998;7097;30.531,70;32.934,50;34.910,00;34.553,00;6.788.600,52;6.612.041,51;6.683.094,77;7.096.800,37;-;B;B+;A;8,12;8,63;8,49;9,14
Itauçu;MRG ANÁPOLIS;CENTRO GOIANO;pequeno porte I;8957;8988;9019;8916;15.682,49;14.219,45;15.696,00;15.978,00;4.518.898,66;4.919.688,40;4.757.148,2;6.022.090,71;-;-;-;B+;8,00;7,97;8,69;8,15
Itumbiara;MRG MEIA PONTE;SUL GOIANO;grande porte;100548;101544;102513;103652;39.500,09;40.477,15;40.430,00;40.400,00;58.428.537,49;69.492.458,44;64.127.156,52;65.403.778,26;B;-;B;B+;6,85;5,99;6,24;6,34
Ivolândia;MRG IPORÁ;CENTRO GOIANO;pequeno porte I;2601;2577;2554;2406;26.285,29;32.392,68;38.247,00;35.281,00;3.278.271,46;3.626.380,89;4.532.777,15;3.949.165,5;B;B;B+;B+;8,85;9,20;9,33;9,59
Jandaia;MRG VALE DO RIO DOS BOIS;SUL GOIANO;pequeno porte I;6272;6263;6254;6073;30.535,57;41.228,74;36.041,00;40.354,00;4.862.137,52;4.886.442,23;5.315.911,94;6.180.926,41;B+;B;B+;A;7,21;7,58;8,84;8,15
Jaraguá;MRG ANÁPOLIS;CENTRO GOIANO;pequeno porte II;46790;47513;48216;49667;13.833,61;13.390,27;14.331,00;14.196,00;16.491.358,73;18.601.218,00;16.855.317,72;16.553.749,93;B;B;B;B;6,75;6,46;6,90;7,06
Jataí;MRG SUDOESTE DE GOIÁS;SUL GOIANO;grande porte;95998;97077;98128;99674;39.987,93;41.620,42;45.964,00;46.149,00;81.384.583,43;92.755.676,83;92.701.140,65;83.394.628,12;B+;A;A;A;6,98;7,59;7,41;7,31
Jaupaci;MRG IPORÁ;CENTRO GOIANO;pequeno porte I;3024;3014;3004;2898;14.390,66;15.168,18;16.484,00;17.006,00;2.824.313,29;3.053.226,33;3.180.528,01;2.829.978,25;B;B;B;B+;8,02;7,95;8,55;8,32
Jesúpolis;MRG ANÁPOLIS;CENTRO GOIANO;pequeno porte I;2444;2460;2476;2474;10.291,04;10.585,94;11.269,00;11.768,00;1.943.629,32;2.475.965,69;2.143.419,9;2.179.067,52;B+;B+;B+;B+;6,25;6,98;7,24;7,86
Joviânia;MRG MEIA PONTE;SUL GOIANO;pequeno porte I;7422;7445;7468;7372;23.369,87;28.443,11;29.299,00;28.515,00;4.742.117,46;5.801.835,87;6.400.576,99;6.221.245,15;B+;-;B;B;7,68;7,64;8,45;8,25
Jussara;MRG RIO VERMELHO;NOROESTE GOIANO;pequeno porte I;19346;19292;19239;18587;19.859,07;22.218,87;22.889,00;23.959,00;10.362.103,75;12.043.565,65;12.459.937,89;12.849.765,33;B+;B;A;A;7,15;7,70;7,39;7,10
Lagoa Santa;MRG QUIRINÓPOLIS;SUL GOIANO;pequeno porte I;1435;1463;1490;1555;25.728,94;26.050,84;26.238,00;25.332,00;2.196.966,38;2.251.301,32;3.410.120,92;3.003.241,83;-;-;A;B+;7,71;7,27;7,72;5,76
Leopoldo de Bulhões;MRG GOIÂNIA;CENTRO GOIANO;pequeno porte I;8167;7758;7773;7643;19.886,99;23.784,36;26.440,00;29.507,00;3.714.956,20;3.929.176,19;4.599.957,75;5.460.644,49;-;B+;B+;B+;7,91;7,25;7,40;7,18
Luziânia;MRG ENTORNO DE BRASÍLIA;LESTE GOIANO;grande porte;194039;196864;199615;205023;17.284,12;17.471,11;16.989,00;17.452,00;64.279.552,33;71.662.778,52;77.543.892,67;74.945.928,83;B+;B;B+;B+;4,96;4,61;4,55;4,25
Mairipotaba;MRG MEIA PONTE;SUL GOIANO;pequeno porte I;2432;2432;2432;2373;18.703,85;23.085,43;19.605,00;21.190,00;2.467.377,15;2.461.346,94;2.458.196,89;2.975.845,04;A;B;B+;B+;8,77;9,28;8,88;8,01
Mambaí;MRG VÃO DO PARANÃ;LESTE GOIANO;pequeno porte I;7945;8106;8271;8680;8.884,83;9.424,74;9.342,00;9.382,00;3.833.976,50;4.138.583,95;3.273.319,35;5.880.640,49;-;-;B;-;7,13;7,36;7,48;7,32
Mara Rosa;MRG PORANGATU;NORTE GOIANO;pequeno porte I;10414;10320;10228;9646;16.715,77;17.278,33;19.305,00;19.956,00;7.178.651,87;4.910.771,30;6.256.060,1;7.801.528,7;C+;B;B+;B;6,33;6,77;7,83;7,68
Marzagão;MRG MEIA PONTE;SUL GOIANO;pequeno porte I;2198;2212;2226;2223;15.965,81;17.083,52;19.598,00;18.871,00;2.179.223,97;1.982.039,00;2.543.213,32;3.491.324,58;B+;B+;-;B+;8,47;8,99;8,80;8,85
Matrinchã;MRG RIO VERMELHO;NOROESTE GOIANO;pequeno porte I;4500;4495;4490;4366;19.261,44;21.738,00;19.806,00;22.460,00;3.881.996,19;4.620.242,05;3.956.958,31;4.517.718,11;-;B+;B;B+;8,30;8,31;8,86;9,48
Maurilândia;MRG SUDOESTE DE GOIÁS;SUL GOIANO;pequeno porte I;12956;13170;13379;13829;14.004,05;14.248,34;15.118,00;16.350,00;5.511.174,03;5.749.809,07;5.260.615,59;7.346.119,5;-;B;A;B+;5,80;5,16;5,11;7,10
Mimoso de Goiás;MRG ENTORNO DE BRASÍLIA;LESTE GOIANO;pequeno porte I;2715;2708;2702;2612;13.647,10;15.274,88;21.656,00;21.908,00;2.617.846,70;2.872.194,46;2.122.091,02;3.217.911,63;-;B;B+;A;7,21;7,46;6,32;7,55
Minaçu;MRG PORANGATU;NORTE GOIANO;pequeno porte II;31031;30862;30696;29353;50.054,91;32.202,43;29.714,00;35.258,00;20.282.983,05;22.963.254,48;23.202.247,62;24.064.755,35;B;B;B;B;6,18;5,50;5,78;6,20
Mineiros;MRG SUDOESTE DE GOIÁS;SUL GOIANO;médio porte;60464;61623;62750;65420;33.786,17;36.703,84;38.453,00;39.248,00;43.221.597,56;46.959.415,46;51.812.720,88;55.030.001,51;B+;B+;B+;B;5,99;6,88;7,60;7,74
Moiporá;MRG IPORÁ;CENTRO GOIANO;pequeno porte I;1704;1684;1666;1557;19.584,72;20.486,08;20.931,00;22.425,00;2.407.993,42;2.523.094,76;2.884.620,51;2.893.058,6;B+;B+;B+;B+;7,89;7,75;6,57;7,99
Monte Alegre de Goiás;MRG CHAPADA DOS VEADEIROS;NORTE GOIANO;pequeno porte I;8319;8392;8464;8527;9.293,37;9.732,41;9.630,00;9.645,00;3.596.433,89;3.499.855,53;3.916.357,07;5.785.280,5;C+;-;B;B;5,98;6,79;6,88;8,20
Montes Claros de Goiás;MRG ARAGARÇAS;NOROESTE GOIANO;pequeno porte I;8224;8230;8236;8063;30.167,33;34.807,44;31.414,00;36.431,00;6.148.038,39;6.448.318,56;6.610.857,1;7.661.567,24;B+;B+;B+;C+;7,86;8,16;8,88;7,83
Montividiu;MRG SUDOESTE DE GOIÁS;SUL GOIANO;pequeno porte I;12101;12337;12566;13115;48.182,25;59.010,83;61.594,00;59.494,00;8.890.161,66;10.709.533,23;8.579.950,73;9.121.586,54;B;B;B+;B;7,14;6,63;7,82;6,74
Montividiu do Norte;MRG PORANGATU;NORTE GOIANO;pequeno porte I;4387;4417;4447;4449;13.482,12;13.920,45;15.023,00;15.682,00;2.550.849,92;2.666.690,75;2.996.641,96;3.640.460,17;B+;A;A;A;7,22;6,74;7,29;7,31
Morrinhos;MRG MEIA PONTE;SUL GOIANO;médio porte;44607;45000;45382;45716;25.640,77;27.621,32;28.085,00;29.978,00;21.563.509,29;24.382.307,00;25.636.664,92;21.285.682,68;B;B;B+;B+;8,02;7,67;8,12;8,07
Morro Agudo de Goiás;MRG CERES;CENTRO GOIANO;pequeno porte I;2369;2360;2351;2264;13.841,56;15.196,89;16.089,00;17.211,00;1.815.856,50;3.026.924,07;2.876.534,63;3.111.228,33;-;B;A;A;8,15;8,66;9,44;8,98
Mossâmedes;MRG ANICUNS;CENTRO GOIANO;pequeno porte I;4817;4758;4700;4377;15.539,13;16.565,28;17.153,00;17.888,00;3.277.741,56;4.468.141,00;6.791.614,09;4.740.674,3;B;B;C+;B;8,63;7,75;9,46;8,83
Mozarlândia;MRG SÃO MIGUEL DO ARAGUAIA;NOROESTE GOIANO;pequeno porte I;14752;14941;15125;15444;37.640,35;30.713,58;35.374,00;34.244,00;10.683.508,35;11.583.071,90;12.404.983,55;14.918.692,31;B+;-;A;A;6,62;6,56;6,54;6,55
Mundo Novo;MRG SÃO MIGUEL DO ARAGUAIA;NOROESTE GOIANO;pequeno porte I;5914;5786;5661;5066;17.047,03;18.190,80;18.559,00;19.101,00;3.714.956,21;3.984.773,07;4.230.739,54;4.875.794,45;B+;B+;A;B+;6,83;8,46;8,82;8,65
Mutunópolis;MRG PORANGATU;NORTE GOIANO;pequeno porte I;3917;3911;3906;3793;14.359,21;15.122,79;15.299,00;16.136,00;3.456.535,46;5.205.975,73;4.141.598,17;5.051.390,6;B;-;B;B;7,03;7,44;8,74;8,88
Nazário;MRG ANICUNS;CENTRO GOIANO;pequeno porte I;8641;8747;8850;9022;18.439,73;19.143,56;19.712,00;19.632,00;4.552.858,37;5.234.710,12;5.040.197,29;5.237.490,47;-;B;B;B+;7,70;7,22;8,29;7,98
Nerópolis;MRG GOIÂNIA;CENTRO GOIANO;pequeno porte II;27341;27812;28271;29293;23.186,95;23.208,78;26.000,00;24.914,00;25.242.323,33;28.714.308,68;23.695.158,8;28.721.265,36;B+;C+;A;A;8,70;8,65;8,73;8,33
Niquelândia;MRG PORANGATU;NORTE GOIANO;pequeno porte II;45243;45582;45913;46039;26.471,51;20.463,76;21.804,00;24.042,00;24.295.618,24;22.295.569,85;18.688.589,42;18.186.385,41;B+;B;-;A;7,28;6,85;6,59;6,83
Nova América;MRG CERES;CENTRO GOIANO;pequeno porte I;2358;2366;2373;2346;14.920,34;15.139,76;16.033,00;15.980,00;2.328.623,35;2.805.940,44;3.218.791,76;3.257.002,99;A;A;A;A;6,10;7,73;8,25;9,01
Nova Aurora;MRG CATALÃO;SUL GOIANO;pequeno porte I;2181;2194;2206;2199;20.401,48;22.072,55;21.663,00;22.375,00;2.435.181,55;2.818.950,39;2.914.291,22;3.095.348,44;B;B+;B+;A;6,36;6,88;7,78;7,35
Nova Crixás;MRG SÃO MIGUEL DO ARAGUAIA;NOROESTE GOIANO;pequeno porte I;12653;12732;12810;12791;26.525,53;29.242,11;27.721,00;27.856,00;8.043.604,50;9.294.967,32;10.492.100,64;10.317.622,25;-;C;B+;B+;6,87;8,07;7,84;8,14
Nova Glória;MRG CERES;CENTRO GOIANO;pequeno porte I;8575;8548;8521;8218;11.768,47;14.062,55;14.672,00;14.323,00;2.938.854,06;4.444.205,49;3.507.215,52;3.681.437,51;C+;B+;B+;B+;4,80;5,97;6,41;6,82
Nova Iguaçu de Goiás;MRG PORANGATU;NORTE GOIANO;pequeno porte I;2944;2953;2961;2923;11.859,33;11.949,17;13.273,00;14.068,00;2.530.496,33;1.992.734,49;2.290.110,84;2.901.777,85;B+;B+;B;-;7,23;5,82;7,53;6,79
Nova Roma;MRG CHAPADA DOS VEADEIROS;NORTE GOIANO;pequeno porte I;3470;3453;3437;3293;12.742,60;13.277,91;12.839,00;13.668,00;3.067.403,07;4.096.373,20;3.273.319,35;3.911.617,65;-;-;C+;-;5,68;7,06;7,92;7,71
Nova Veneza;MRG ANÁPOLIS;CENTRO GOIANO;pequeno porte I;9105;9249;9389;9684;17.436,77;17.486,15;19.017,00;18.864,00;4.306.596,15;4.997.394,31;6.071.629,98;6.536.584,51;B;-;B;B;7,75;8,25;8,28;7,93
Novo Brasil;MRG IPORÁ;CENTRO GOIANO;pequeno porte I;3341;3291;3242;2985;17.350,80;17.902,58;17.771,00;18.792,00;4.028.452,47;3.902.612,22;4.232.514,81;4.741.823,1;-;B+;B;B+;8,37;8,34;8,95;9,51
Novo Gama;MRG ENTORNO DE BRASÍLIA;LESTE GOIANO;grande porte;106677;108410;110096;113679;7.478,03;7.501,44;8.377,00;8.403,00;22.470.802,27;27.210.907,74;22.506.404;25.626.899,35;-;B;B;B;4,40;4,35;3,79;4,82
Novo Planalto;MRG SÃO MIGUEL DO ARAGUAIA;NOROESTE GOIANO;pequeno porte I;4298;4343;4387;4445;17.336,77;16.866,47;20.343,00;23.336,00;2.946.854,91;3.037.661,32;3.179.204,91;3.117.247,35;B+;-;B+;-;6,87;6,00;6,33;6,30
Orizona;MRG PIRES DO RIO;SUL GOIANO;pequeno porte I;15254;15364;15472;15502;26.373,39;30.023,74;31.369,00;33.461,00;10.214.055,28;9.429.692,51;9.979.648;9.103.486,78;A;B+;A;A;7,93;7,59;7,81;7,69
Ouro Verde de Goiás;MRG ANÁPOLIS;CENTRO GOIANO;pequeno porte I;4016;3993;3971;3797;20.293,62;21.971,96;23.941,00;28.878,00;3.296.502,78;3.113.404,64;3.454.080,76;4.714.315,58;A;B;A;B+;6,92;6,82;7,40;7,65
Ouvidor;MRG CATALÃO;SUL GOIANO;pequeno porte I;6142;6242;6340;6549;83.017,07;95.794,89;100.769,00;116.335,00;9.193.976,91;9.671.877,61;8.565.209,27;9.516.875,05;B+;B+;B;B+;6,45;7,12;8,94;9,44
Padre Bernardo;MRG ENTORNO DE BRASÍLIA;LESTE GOIANO;pequeno porte II;31129;31646;32148;33228;15.395,87;15.678,25;15.122,00;15.252,00;13.798.677,30;14.774.739,86;14.562.203,91;17.557.675,12;B;B;B+;B;6,90;6,34;7,03;6,88
Palestina de Goiás;MRG SUDOESTE DE GOIÁS;SUL GOIANO;pequeno porte I;3499;3507;3514;3460;25.434,23;28.429,38;26.104,00;26.533,00;3.489.154,78;3.623.003,10;3.588.441,17;3.478.746,61;-;B;B;A;6,30;8,43;9,18;8,77
Palmeiras de Goiás;MRG VALE DO RIO DOS BOIS;SUL GOIANO;pequeno porte II;26393;26855;27304;28313;32.868,65;30.667,93;35.351,00;35.537,00;14.316.923,54;16.774.131,31;17.322.706,22;20.304.848,78;B+;B+;B+;A;7,11;5,40;6,81;7,52
Palmelo;MRG PIRES DO RIO;SUL GOIANO;pequeno porte I;2416;2420;2424;2380;11.487,07;12.224,33;14.307,00;16.428,00;3.757.754,54;3.865.017,40;4.254.586,06;3.963.759,7;-;C;B;-;9,01;9,63;9,15;8,25
Palminópolis;MRG VALE DO RIO DOS BOIS;SUL GOIANO;pequeno porte I;3661;3664;3667;3589;27.847,88;31.401,45;38.458,00;40.021,00;3.736.952,78;3.571.070,45;4.246.982,78;4.176.983,44;B+;-;B+;B+;7,60;8,77;9,17;8,74
Panamá;MRG MEIA PONTE;SUL GOIANO;pequeno porte I;2722;2717;2712;2627;25.325,39;30.242,79;32.267,00;33.256,00;2.562.440,18;3.469.509,41;3.242.881,39;3.589.205,73;B+;B;B+;A;6,22;7,88;7,18;9,75
Paranaiguara;MRG QUIRINÓPOLIS;SUL GOIANO;pequeno porte I;9760;9841;9919;9972;15.120,44;18.278,93;19.881,00;18.570,00;5.944.692,61;7.072.054,45;7.630.339,63;9.268.271,94;B;B;-;B+;8,04;8,01;8,36;8,99
Paraúna;MRG VALE DO RIO DOS BOIS;SUL GOIANO;pequeno porte I;11199;11210;11221;10995;55.703,25;72.605,27;80.558,00;81.939,00;10.487.872,09;12.143.891,46;10.212.867,76;13.610.964,58;B;C+;B;A;7,62;8,02;8,78;8,79
Perolândia;MRG SUDOESTE DE GOIÁS;SUL GOIANO;pequeno porte I;3105;3121;3135;3116;101.644,40;134.919,66;113.852,00;107.357,00;3.484.920,04;4.194.659,14;4.584.404,15;5.273.021,97;C+;B;B;B+;6,46;6,13;7,37;7,36
Petrolina de Goiás;MRG ANÁPOLIS;CENTRO GOIANO;pequeno porte I;10547;10548;10548;10301;12.146,51;12.732,88;13.702,00;14.366,00;4.611.158,69;5.349.857,27;5.296.859,93;5.518.828,09;B+;-;C+;B+;7,45;7,75;8,73;7,96
Pilar de Goiás;MRG CERES;CENTRO GOIANO;pequeno porte I;2614;2571;2529;2314;67.061,63;60.385,05;67.466,00;86.654,00;3.429.675,65;3.733.429,48;4.655.393,63;4.393.366,2;B+;B+;B+;A;5,15;6,80;7,77;6,08
Piracanjuba;MRG MEIA PONTE;SUL GOIANO;pequeno porte II;24772;24830;24885;24499;25.809,45;29.862,24;31.193,00;32.400,00;13.834.720,07;14.270.874,77;14.668.683,23;16.221.281,62;C+;B;B+;B+;7,85;7,39;7,79;8,86
Piranhas;MRG ARAGARÇAS;NOROESTE GOIANO;pequeno porte I;11164;11092;11022;10501;32.948,35;31.821,44;32.908,00;36.039,00;7.234.181,30;8.559.359,61;8.154.700,12;8.651.252,46;B+;-;B;B;7,84;7,52;8,46;7,61
Pirenópolis;MRG ENTORNO DE BRASÍLIA;LESTE GOIANO;pequeno porte II;24444;24604;24761;24749;15.297,59;14.120,17;16.657,00;18.116,00;7.733.747,45;9.947.950,78;7.110.213,44;8.958.035,64;B+;B;B+;-;7,05;7,92;7,81;7,52
Pires do Rio;MRG PIRES DO RIO;SUL GOIANO;pequeno porte II;30703;30930;31151;31225;24.219,38;25.487,60;28.693,00;28.706,00;14.124.703,61;17.205.585,46;16.517.058,03;19.207.190,77;B+;B+;B+;B;6,24;6,19;6,86;6,74
Planaltina;MRG ENTORNO DE BRASÍLIA;LESTE GOIANO;grande porte;87474;88178;88863;89181;10.458,04;10.896,14;11.449,00;12.177,00;43.707.776,32;44.851.434,25;37.499.018,33;45.511.599,82;B+;-;C+;B+;6,51;6,97;6,80;6,98
Pontalina;MRG MEIA PONTE;SUL GOIANO;pequeno porte I;17873;17933;17991;17777;23.310,97;24.999,87;27.795,00;27.501,00;10.592.508,42;12.112.292,20;13.093.562,54;9.484.857,81;B+;B+;B+;B+;6,84;6,56;7,62;8,14
Porangatu;MRG PORANGATU;NORTE GOIANO;pequeno porte II;44798;45055;45305;45151;18.576,26;18.775,73;20.344,00;20.812,00;28.660.063,36;37.541.115,15;31.691.968,65;30.017.695,56;B+;B;B;B;6,23;6,22;6,91;7,65
Porteirão;MRG MEIA PONTE;SUL GOIANO;pequeno porte I;3670;3715;3758;3830;43.376,46;61.808,27;61.070,00;49.981,00;3.322.057,08;4.202.222,87;4.249.277,13;3.714.416,63;-;B;B+;A;7,23;7,26;9,30;8,01
Portelândia;MRG SUDOESTE DE GOIÁS;SUL GOIANO;pequeno porte I;4015;4030;4044;4000;42.027,95;51.122,47;53.025,00;53.969,00;4.354.628,27;4.949.573,57;4.054.904,83;5.208.856,69;B+;-;-;B+;8,30;7,92;8,06;8,53
Posse;MRG VÃO DO PARANÃ;LESTE GOIANO;pequeno porte II;34663;35128;35574;36375;12.520,76;13.190,83;13.899,00;13.965,00;15.185.973,53;16.401.485,73;17.300.105,39;21.272.738,95;-;-;C+;-;5,68;5,56;6,62;7,41
Professor Jamil;MRG MEIA PONTE;SUL GOIANO;pequeno porte I;3380;3369;3360;3243;16.677,93;14.953,82;17.560,00;18.188,00;3.002.137,64;3.149.791,78;2.908.206,25;3.339.470,85;B+;B+;B+;B+;7,36;6,10;7,34;6,38
Quirinópolis;MRG QUIRINÓPOLIS;SUL GOIANO;pequeno porte II;47377;47950;48508;49416;28.998,18;33.075,02;34.503,00;34.104,00;26.336.366,33;36.478.188,46;26.185.255,01;30.352.106,32;B;B;B+;B;6,35;7,48;7,72;7,80
Rialma;MRG CERES;CENTRO GOIANO;pequeno porte I;10969;11003;11036;10896;17.483,65;17.329,59;19.541,00;20.226,00;4.549.919,94;4.824.765,22;4.931.180,78;5.810.655,31;B+;B;B+;B+;7,29;8,00;8,67;8,13
Rianápolis;MRG CERES;CENTRO GOIANO;pequeno porte I;4788;4808;4828;4784;19.739,96;18.824,72;19.700,00;19.676,00;3.396.902,32;3.759.132,15;3.740.344,26;3.896.418,93;-;B+;A;A;6,82;7,10;7,80;7,96
Rio Quente;MRG MEIA PONTE;SUL GOIANO;pequeno porte I;3931;4014;4112;4371;65.379,83;68.261,68;74.645,00;74.660,00;6.332.574,83;5.687.997,55;5.898.167,83;6.720.369,44;-;-;B;A;7,12;7,96;7,36;7,40
Rio Verde;MRG SUDOESTE DE GOIÁS;SUL GOIANO;grande porte;207296;212237;217048;229651;38.955,72;39.288,71;43.761,00;41.815,00;148.007.528,96;160.078.395,74;163.223.235,83;191.241.168,39;-;B+;B+;B;5,44;5,17;5,26;5,65
Rubiataba;MRG CERES;CENTRO GOIANO;pequeno porte I;19832;19914;19994;19815;16.967,71;20.751,85;21.106,00;21.818,00;13.905.498,27;13.779.004,09;16.207.961,89;15.947.100,72;B+;B;B+;B+;7,91;8,33;9,06;9,07
Sanclerlândia;MRG ANICUNS;CENTRO GOIANO;pequeno porte I;7783;7791;7798;7642;15.551,67;16.517,38;17.560,00;17.779,00;4.313.610,80;5.100.391,71;5.460.472,66;5.657.778,87;-;B+;B+;A;7,60;7,47;7,66;8,25
Santa Bárbara de Goiás;MRG ANICUNS;CENTRO GOIANO;pequeno porte I;6259;6327;6393;6485;15.216,95;14.794,64;14.112,00;14.457,00;3.362.615,43;3.486.706,41;4.250.499,1;4.490.014,39;B+;-;B+;B+;7,94;7,62;8,24;8,65
Santa Cruz de Goiás;MRG PIRES DO RIO;SUL GOIANO;pequeno porte I;3095;3071;3048;2892;29.566,68;34.771,00;37.095,00;45.475,00;4.528.333,96;2.989.879,32;2.963.412,84;3.471.034,35;-;B;B;B+;7,36;8,66;8,81;8,97
Santa Fé de Goiás;MRG RIO VERMELHO;NOROESTE GOIANO;pequeno porte I;5194;5253;5309;5393;45.314,89;39.387,12;56.740,00;54.503,00;4.367.538,39;4.228.113,35;3.328.754,03;5.233.673,98;B+;A;A;A;7,33;7,32;7,16;7,59
Santa Helena de Goiás;MRG SUDOESTE DE GOIÁS;SUL GOIANO;pequeno porte II;38378;38563;38743;38485;22.886,28;26.844,54;26.560,00;28.545,00;23.903.127,17;24.045.446,70;25.651.403,72;31.267.929,52;-;C+;B;A;8,43;8,54;8,29;7,90
Santa Isabel;MRG CERES;CENTRO GOIANO;pequeno porte I;3836;3847;3857;3803;17.847,27;19.788,97;20.054,00;19.360,00;3.039.835,84;3.066.941,54;2.969.476,22;3.553.268,89;-;B;B;A;7,18;7,70;7,50;7,83
Santa Rita do Araguaia;MRG SUDOESTE DE GOIÁS;SUL GOIANO;pequeno porte I;7916;8069;8218;8573;17.661,49;18.525,75;16.227,00;14.722,00;3.268.162,36;3.769.243,96;4.058.337,77;4.163.958,24;B;-;A;B;5,23;5,53;5,87;5,08
Santa Rita do Novo Destino;MRG CERES;CENTRO GOIANO;pequeno porte I;3331;3345;3359;3331;18.315,15;20.572,35;23.453,00;25.329,00;2.097.287,43;2.622.655,72;2.808.725,87;2.732.522,61;-;-;B+;-;3,85;6,58;5,93;7,13
Santa Rosa de Goiás;MRG ANÁPOLIS;CENTRO GOIANO;pequeno porte I;2722;2673;2626;2388;14.474,66;15.965,78;16.670,00;17.228,00;3.216.449,29;3.663.790,41;4.000.327,07;3.872.582,25;-;B+;B;B+;7,75;8,25;8,74;9,29
Santa Tereza de Goiás;MRG PORANGATU;NORTE GOIANO;pequeno porte I;3814;3761;3710;3431;14.251,56;14.958,44;16.856,00;17.647,00;2.597.262,89;3.215.362,15;3.246.307,72;4.232.006,94;B;B+;B;A;6,88;6,77;8,58;8,80
Santa Terezinha de Goiás;MRG PORANGATU;NORTE GOIANO;pequeno porte I;9876;9747;9622;8931;12.595,82;13.239,96;13.600,00;14.529,00;4.307.176,47;4.552.909,12;5.001.294,14;6.152.676,99;B+;-;B+;-;6,64;6,48;6,56;7,35
Santo Antônio da Barra;MRG SUDOESTE DE GOIÁS;SUL GOIANO;pequeno porte I;4714;4747;4780;4787;30.985,59;37.196,51;38.355,00;47.390,00;3.841.925,78;4.073.400,37;4.472.258,33;4.073.568,51;B+;B+;B+;B+;5,92;6,55;7,58;7,15
Santo Antônio de Goiás;MRG GOIÂNIA;CENTRO GOIANO;pequeno porte I;5527;5659;5787;6123;23.562,76;22.391,02;22.647,00;21.480,00;3.670.730,82;4.291.936,32;4.728.966,45;4.233.314,21;-;B+;B+;A;7,21;8,18;8,81;8,55
Santo Antônio do Descoberto;MRG ENTORNO DE BRASÍLIA;LESTE GOIANO;médio porte;69988;70950;71887;73636;8.082,86;8.320,50;9.088,00;9.129,00;20.191.395,68;16.797.367,04;18.249.612,7;24.243.677,36;-;C;B;C+;5,90;5,64;5,40;5,53
São Domingos;MRG VÃO DO PARANÃ;LESTE GOIANO;pequeno porte I;12307;12448;12585;12791;11.689,99;11.816,12;11.756,00;12.550,00;6.190.927,56;6.344.662,23;4.658.375,43;6.506.174,02;-;-;B+;B;6,13;5,77;6,70;6,99
São Francisco de Goiás;MRG ANÁPOLIS;CENTRO GOIANO;pequeno porte I;6341;6354;6366;6260;14.459,59;14.625,31;16.119,00;16.380,00;2.965.351,22;3.178.329,88;3.402.923,45;3.984.070,63;C+;-;B+;B;6,57;6,50;7,10;6,62
São João d'Aliança;MRG CHAPADA DOS VEADEIROS;NORTE GOIANO;pequeno porte I;12070;12360;12643;13387;18.981,05;23.186,59;23.654,00;21.887,00;4.870.809,27;6.575.952,94;7.682.862,92;7.569.152,85;B;B;B;C+;7,55;7,52;7,36;7,94
São João da Paraúna;MRG VALE DO RIO DOS BOIS;SUL GOIANO;pequeno porte I;1597;1571;1547;1417;26.274,10;29.900,52;31.950,00;36.905,00;2.379.046,05;2.230.517,90;2.603.322,31;2.181.511,32;-;A;A;B+;6,91;7,75;7,76;7,77
São Luis de Montes Belos;MRG ANICUNS;CENTRO GOIANO;pequeno porte II;32491;32808;33118;33470;22.197,47;23.906,00;25.078,00;25.256,00;18.865.188,80;21.367.562,33;21.399.620,53;24.805.103,93;A;B+;B;B+;7,87;6,91;8,03;8,67
São Luiz do Norte;MRG CERES;CENTRO GOIANO;pequeno porte I;4980;5026;5071;5117;15.568,39;18.096,49;21.406,00;23.726,00;4.086.773,65;4.351.676,61;4.876.969,64;5.044.520,01;A;A;A;A;7,93;6,95;8,13;6,96
São Miguel do Araguaia;MRG SÃO MIGUEL DO ARAGUAIA;NOROESTE GOIANO;pequeno porte II;22728;22706;22684;22067;19.362,86;22.635,52;21.279,00;21.981,00;16.109.993,55;15.149.336,09;16.090.740,09;15.018.591,28;B+;-;-;B;7,31;6,93;8,36;7,34
São Miguel do Passa Quatro;MRG PIRES DO RIO;SUL GOIANO;pequeno porte I;3987;4013;4037;4032;26.882,76;32.025,88;33.604,00;36.170,00;4.103.132,67;3.219.797,59;4.008.221,26;3.491.758,01;B+;B;A;A;6,31;8,04;8,42;7,05
São Patrício;MRG CERES;CENTRO GOIANO;pequeno porte I;2062;2066;2070;2035;15.973,56;17.277,84;16.816,00;17.267,00;2.436.308,82;2.893.277,70;2.454.333,09;2.826.438,12;B+;-;B+;A;7,35;7,33;7,22;5,97
São Simão;MRG QUIRINÓPOLIS;SUL GOIANO;pequeno porte I;19110;19407;19697;20297;162.565,85;121.806,46;91.021,00;38.132,00;29.301.450,08;25.530.835,50;22.513.010,34;31.681.925,74;B;B;B;B;7,09;6,88;8,30;8,46
Senador Canedo;MRG GOIÂNIA;CENTRO GOIANO;grande porte;100367;102947;105459;112224;26.766,65;33.136,31;32.067,00;33.324,00;77.208.781,12;84.761.270,14;80.935.750,23;95.131.364,94;-;B+;B+;B+;7,58;7,22;7,45;7,10
Serranópolis;MRG SUDOESTE DE GOIÁS;SUL GOIANO;pequeno porte I;8147;8236;8323;8445;39.762,26;52.079,49;46.076,00;48.460,00;5.192.959,98;5.585.410,97;6.309.247,81;6.027.174,11;B;B+;C+;B;7,13;7,02;8,05;8,53
Silvânia;MRG PIRES DO RIO;SUL GOIANO;pequeno porte II;20233;20357;20478;20573;26.230,95;30.457,89;33.107,00;35.837,00;15.486.884,28;13.832.114,39;13.690.078,57;14.324.674,54;B;-;-;A;7,51;7,33;8,24;8,51
Simolândia;MRG VÃO DO PARANÃ;LESTE GOIANO;pequeno porte I;6834;6863;6891;6832;12.610,11;13.216,64;14.273,00;15.145,00;3.656.109,94;4.100.798,65;4.307.469,21;5.272.117,17;C+;C;C+;-;6,57;6,65;6,94;8,16
Sítio d'Abadia;MRG VÃO DO PARANÃ;LESTE GOIANO;pequeno porte I;2970;2984;2998;2977;12.768,68;12.330,50;12.984,00;16.273,00;2.468.634,40;2.519.256,20;2.745.754,18;3.271.825,54;-;C+;B;B+;7,65;7,18;7,80;7,94
Taquaral de Goiás;MRG ANÁPOLIS;CENTRO GOIANO;pequeno porte I;3626;3625;3625;3537;14.844,74;15.609,85;16.884,00;18.072,00;2.966.117,30;2.930.837,74;3.455.023,56;4.410.837,26;C+;B+;B+;A;8,69;7,52;8,98;8,64
Teresina de Goiás;MRG CHAPADA DOS VEADEIROS;NORTE GOIANO;pequeno porte I;3290;3327;3363;3416;8.665,10;8.934,51;9.534,00;9.502,00;2.966.382,70;3.142.776,27;3.651.642,02;3.983.438,16;B;B;B;B;6,88;7,02;7,17;7,24
Terezópolis de Goiás;MRG GOIÂNIA;CENTRO GOIANO;pequeno porte I;7389;7513;7634;7897;23.908,32;24.369,39;24.627,00;25.325,00;3.705.866,89;3.622.377,68;4.401.554,1;4.582.419,8;B+;-;A;A;5,71;6,42;6,29;6,94
Três Ranchos;MRG CATALÃO;SUL GOIANO;pequeno porte I;2898;2899;2900;2837;14.528,20;15.079,68;16.723,00;17.453,00;2.668.666,94;3.226.148,23;3.305.071,73;3.903.690,34;B+;B;B;B+;7,11;7,40;7,95;8,05
Trindade;MRG GOIÂNIA;CENTRO GOIANO;grande porte;117454;119385;121266;125328;16.139,79;16.276,89;17.025,00;17.166,00;31.893.009,54;40.397.637,65;45.854.599,08;55.503.333,77;B+;A;A;A;7,09;7,42;7,73;7,76
Trombas;MRG PORANGATU;NORTE GOIANO;pequeno porte I;3562;3567;3571;3501;12.188,49;12.673,01;14.843,00;14.780,00;2.654.917,75;3.482.738,05;2.727.855,46;3.799.422,62;B+;B+;A;A;8,51;8,09;8,68;7,79
Turvânia;MRG ANICUNS;CENTRO GOIANO;pequeno porte I;4857;4837;4818;4633;17.388,68;18.252,03;17.118,00;18.364,00;4.156.169,04;4.463.933,53;4.112.232,86;4.610.713,82;B+;A;A;B+;8,28;8,90;8,26;8,71
Turvelândia;MRG VALE DO RIO DOS BOIS;SUL GOIANO;pequeno porte I;4904;4978;5050;5195;54.995,33;81.567,20;77.388,00;67.650,00;5.040.953,95;5.410.990,98;5.734.707;5.827.594,85;-;-;A;B+;6,01;7,14;8,34;8,42
Uirapuru;MRG SÃO MIGUEL DO ARAGUAIA;NOROESTE GOIANO;pequeno porte I;2973;2967;2961;2868;13.876,25;14.815,38;14.982,00;15.234,00;2.489.110,80;2.562.968,33;2.674.203,06;2.868.907,47;B+;-;B;B;5,63;7,37;6,85;6,27
Uruaçu;MRG PORANGATU;NORTE GOIANO;pequeno porte II;39483;39787;40082;40217;18.006,68;18.774,45;20.084,00;21.020,00;21.834.103,64;25.237.503,77;26.792.580,65;24.606.375,99;B+;B;B;B+;8,05;8,04;7,90;8,37
Uruana;MRG CERES;CENTRO GOIANO;pequeno porte I;14190;14193;14195;13868;12.762,17;14.343,91;15.017,00;15.277,00;5.270.007,39;6.589.020,90;6.861.598,94;8.539.636,3;B+;-;A;B+;7,45;6,95;8,32;7,62
Urutaí;MRG PIRES DO RIO;SUL GOIANO;pequeno porte I;3153;3154;3154;3078;27.304,43;26.598,50;26.742,00;28.373,00;2.479.368,81;3.151.760,84;2.888.923,49;3.450.933,42;B+;B+;A;A;5,61;6,63;6,67;7,28
Valparaíso de Goiás;MRG ENTORNO DE BRASÍLIA;LESTE GOIANO;grande porte;153255;156419;159500;164723;14.062,61;14.699,68;15.627,00;15.539,00;48.976.923,94;56.909.292,46;51.866.317,31;60.782.649,36;-;C;B+;B;5,41;5,53;5,49;5,63
Varjão;MRG VALE DO RIO DOS BOIS;SUL GOIANO;pequeno porte I;3827;3842;3856;3816;14.574,68;15.139,67;16.546,00;17.334,00;2.884.115,73;3.336.379,86;3.277.480,29;3.600.383,39;-;B;A;A;6,63;6,53;6,32;5,07
Vianópolis;MRG PIRES DO RIO;SUL GOIANO;pequeno porte I;13456;13567;13675;13746;23.212,54;27.534,21;28.942,00;32.025,00;6.786.199,75;8.300.474,74;8.175.624,08;9.007.210,65;B+;B+;B+;A;6,78;7,22;8,47;8,61
Vicentinópolis;MRG MEIA PONTE;SUL GOIANO;pequeno porte I;8171;8286;8397;8611;39.444,18;41.609,86;41.773,00;37.436,00;5.767.662,55;6.250.266,80;6.727.503,67;8.380.515,21;B;B;A;B+;7,55;7,77;7,89;7,55
Vila Boa;MRG ENTORNO DE BRASÍLIA;LESTE GOIANO;pequeno porte I;5495;5615;5731;6026;20.241,84;23.565,00;23.992,00;17.160,00;3.482.895,43;3.019.283,08;3.695.807,03;4.371.941,8;-;C+;C+;-;7,50;7,94;7,27;7,54
Vila Propício;MRG ENTORNO DE BRASÍLIA;LESTE GOIANO;pequeno porte I;5578;5635;5690;5758;35.664,26;37.431,13;32.017,00;28.444,00;3.982.907,18;4.289.769,15;3.929.063,3;4.689.843,49;B+;-;B;B+;5,77;5,75;7,24;5,67
